Packet Length,Node Distance,Average Packet Loss Rate, Packet Loss StDev,Average Goodput, Goodput StDev
100,35,0.8783844799999997,0.0009894988475450297,0.06080776000000001,0.0004947494237725149
200,35,0.9575645902583609,0.000727320981506751,0.028290273161092602,0.0004848806543378341
300,35,0.9852264,0.00048202870948490113,0.0110802,0.0003615215321136759
400,35,0.9948425999999997,0.0003339104700667544,0.004125920000000002,0.0002671283760534036
500,35,0.998185810972976,0.00021114317687333302,0.0015118241891867515,0.0001759526473944442
600,35,0.9993615948927597,0.00013306989310747045,0.000547204377634538,0.00011405990837783183
700,35,0.9997820800000008,8.685849167328255e-05,0.00019067999999999836,7.600118021412222e-05
800,35,0.999926557943623,5.7873705113354504e-05,6.52818278914601e-05,5.144329343409289e-05
900,35,0.9999692000000008,3.5892094174655875e-05,2.7720000000008744e-05,3.2302884757190285e-05
